event_date,event_name,event_type,era,posts_count,before_count,after_count,sentiment_before,sentiment_after,sentiment_change,peak_hour,hourly_data
2009-05-25,NK 2nd Nuclear Test,provocation,obama,11,0,11,0.0,0.004936363636363633,0.004936363636363633,24.0,"{0.0: 3, 24.0: 5, 48.0: 3}"
2010-03-26,Cheonan Sinking,provocation,obama,6,0,6,0.0,-0.6855666666666668,-0.6855666666666668,0.0,"{0.0: 4, 24.0: 1, 72.0: 1}"
2010-11-23,Yeonpyeong Shelling,provocation,obama,43,1,42,0.1531,-0.5345238095238095,-0.6876238095238095,0.0,"{-24.0: 1, 0.0: 12, 24.0: 12, 48.0: 7, 72.0: 11}"
2011-12-19,Kim Jong-il Death,transition,obama,52,2,50,-0.18295,-0.101856,0.081094,0.0,"{-24.0: 2, 0.0: 22, 24.0: 12, 48.0: 8, 72.0: 4, 96.0: 4}"
2013-02-12,NK 3rd Nuclear Test,provocation,obama,7,3,4,0.11360000000000002,-0.442175,-0.555775,-24.0,"{-24.0: 3, 0.0: 3, 72.0: 1}"
2016-01-06,NK 4th Nuclear Test (H-bomb claim),provocation,obama,35,3,32,-0.13323333333333334,-0.16297187500000002,-0.029738541666666674,0.0,"{-24.0: 3, 0.0: 11, 24.0: 4, 48.0: 7, 72.0: 10}"
2016-09-09,NK 5th Nuclear Test,provocation,obama,98,12,86,-0.15746666666666664,-0.1104953488372093,0.04697131782945735,0.0,"{-24.0: 12, 0.0: 31, 24.0: 11, 48.0: 17, 72.0: 27}"
2017-08-08,Fire and Fury Speech,rhetoric,trump,7,0,7,0.0,-0.37751428571428575,-0.37751428571428575,0.0,"{0.0: 3, 24.0: 3, 48.0: 1}"
2017-09-03,NK 6th Nuclear Test,provocation,trump,29,3,26,-0.29846666666666666,-0.10236923076923078,0.1960974358974359,24.0,"{-24.0: 3, 0.0: 5, 24.0: 11, 48.0: 4, 72.0: 6}"
2017-11-29,Hwasong-15 ICBM Test,provocation,trump,15,6,9,0.08231666666666666,0.017244444444444458,-0.0650722222222222,-24.0,"{-24.0: 6, 0.0: 5, 24.0: 1, 72.0: 3}"
2018-06-12,Singapore Summit,diplomacy,trump,16,3,13,-0.07276666666666666,-0.022069230769230754,0.0506974358974359,0.0,"{-24.0: 3, 0.0: 5, 24.0: 2, 48.0: 5, 72.0: 1}"
2019-02-28,Hanoi Summit Failure,diplomacy,trump,2,0,2,0.0,-0.5181,-0.5181,0.0,{0.0: 2}
2019-06-30,DMZ Meeting (Trump-Kim),diplomacy,trump,14,0,14,0.0,-0.01220714285714286,-0.01220714285714286,0.0,"{0.0: 5, 24.0: 2, 48.0: 5, 72.0: 2}"
2022-03-24,Hwasong-17 ICBM Test,provocation,biden,19,2,17,-0.42595,-0.07745882352941176,0.34849117647058825,0.0,"{-24.0: 2, 0.0: 5, 24.0: 3, 48.0: 4, 72.0: 5}"
2022-10-04,NK Missile Over Japan,provocation,biden,25,6,19,-0.106,-0.1897052631578947,-0.08370526315789471,0.0,"{-24.0: 6, 0.0: 9, 24.0: 6, 48.0: 3, 72.0: 1}"
2023-08-18,Camp David Summit (US-ROK-Japan),diplomacy,biden,31,7,24,0.15311428571428573,0.015304166666666655,-0.13781011904761908,72.0,"{-24.0: 7, 0.0: 7, 24.0: 4, 48.0: 2, 72.0: 8, 96.0: 3}"
2023-11-21,NK Satellite Launch,provocation,biden,82,12,70,0.030891666666666664,0.05537285714285715,0.024481190476190483,0.0,"{-24.0: 12, 0.0: 21, 24.0: 20, 48.0: 16, 72.0: 13}"
