author,comment_count,total_score,posts_participated,reply_count,avg_score,reply_ratio
AutoModerator,724,727,711,5,1.0041436464088398,0.006906077348066298
autotldr,284,693,283,0,2.4401408450704225,0.0
christ0ph,255,289,95,182,1.1333333333333333,0.7137254901960784
DaBIGmeow888,219,807,39,202,3.684931506849315,0.9223744292237442
chernobog95,201,55,77,179,0.2736318407960199,0.8905472636815921
glitterlok,196,639,65,146,3.260204081632653,0.7448979591836735
daehanmindecline,181,759,116,89,4.193370165745856,0.49171270718232046
kulcoria,176,454,76,131,2.5795454545454546,0.7443181818181818
imnotyourman,154,723,81,114,4.694805194805195,0.7402597402597403
jaywalker1982,141,227,63,114,1.6099290780141844,0.8085106382978723
catmeow321,140,541,40,123,3.8642857142857143,0.8785714285714286
FaustTriumphant,132,254,37,119,1.9242424242424243,0.9015151515151515
eunma2112,128,448,70,95,3.5,0.7421875
PoliticsModeratorBot,117,115,117,0,0.9829059829059829,0.0
rwat1,110,21,24,105,0.19090909090909092,0.9545454545454546
geopolitics_banbot,109,112,107,0,1.0275229357798166,0.0
ButtsexEurope,107,295,78,47,2.7570093457943927,0.4392523364485981
waffenwolf,103,343,56,60,3.3300970873786406,0.5825242718446602
IamDokdo_AMA,101,211,44,78,2.089108910891089,0.7722772277227723
MoonJaeIn,98,1014,32,73,10.346938775510203,0.7448979591836735
uReallyShouldTrustMe,96,423,66,61,4.40625,0.6354166666666666
fib11235,93,161,40,73,1.7311827956989247,0.7849462365591398
00000000000000000000,92,246,47,76,2.6739130434782608,0.8260869565217391
Steviebee123,91,195,42,62,2.142857142857143,0.6813186813186813
J_S_Han,90,627,26,74,6.966666666666667,0.8222222222222222
Willsxyz,88,357,58,65,4.056818181818182,0.7386363636363636
Char_Aznable_Custom,86,1021,61,49,11.872093023255815,0.5697674418604651
technocracy90,86,354,32,60,4.116279069767442,0.6976744186046512
dragonite1989,84,312,21,76,3.7142857142857144,0.9047619047619048
gaiusmariusj,83,245,31,81,2.9518072289156625,0.9759036144578314
whynotanon,81,148,26,73,1.8271604938271604,0.9012345679012346
jxz107,80,380,41,66,4.75,0.825
CosmicReaverGaren,77,336,52,27,4.363636363636363,0.35064935064935066
kerouacrimbaud,77,156,24,75,2.0259740259740258,0.974025974025974
DoYouKnowTheKimchi,76,222,35,68,2.9210526315789473,0.8947368421052632
savahan,75,115,28,67,1.5333333333333334,0.8933333333333333
Luckyio,74,184,13,73,2.4864864864864864,0.9864864864864865
CivilSocietyWorld,72,386,41,48,5.361111111111111,0.6666666666666666
kiljoy100,72,111,36,37,1.5416666666666667,0.5138888888888888
DPRKprincess,72,238,18,63,3.3055555555555554,0.875
comp_informatics,70,306,25,52,4.371428571428571,0.7428571428571429
knuffsaid,70,212,39,52,3.0285714285714285,0.7428571428571429
ChunkyArsenio,68,121,52,24,1.7794117647058822,0.35294117647058826
the_georgetown_elite,68,325,21,51,4.779411764705882,0.75
wkdbrjqnr,68,171,48,33,2.514705882352941,0.4852941176470588
gwangjuguy,66,237,45,27,3.590909090909091,0.4090909090909091
ohana0512,66,70,11,53,1.0606060606060606,0.803030303030303
rexkoner,63,73,22,47,1.1587301587301588,0.746031746031746
GonzoNation,63,12,6,59,0.19047619047619047,0.9365079365079365
ChuckFreak,63,281,35,51,4.4603174603174605,0.8095238095238095
